Time,Mood,Reason,Category,Subcategory,Result(%),User ID
187,1,2,5,2,88,1
99,1,23,6,1,92,1
269,1,7,4,3,71,1
158,1,15,5,4,81,1
236,1,3,3,2,76,1
215,1,19,3,1,85,1
213,1,6,3,3,81,1
60,1,3,3,3,76,1
42,1,22,4,3,83,1
254,1,3,2,1,73,1
153,1,16,4,2,97,1
181,1,7,4,4,84,1
236,1,19,4,3,83,1
195,1,1,1,3,85,1
54,1,2,1,4,79,1
160,1,17,4,2,88,1
131,1,10,3,3,71,1
299,1,15,5,2,75,1
15,1,4,1,1,92,1
167,1,22,1,1,97,1
104,1,7,2,2,78,1
299,1,7,6,3,76,1
69,1,2,4,4,69,1
255,1,2,3,2,75,1
94,1,13,5,3,77,1
45,1,6,1,3,72,1
44,1,10,2,2,85,1
123,1,16,3,3,72,1
20,1,9,4,2,79,1
211,1,13,5,3,73,1
20,1,11,1,2,99,1
230,1,13,1,2,78,1
98,1,10,5,4,82,1
100,1,20,3,3,97,1
239,1,13,5,4,100,1
185,1,1,1,2,77,1
249,1,10,6,2,97,1
209,1,15,3,2,78,1
226,1,17,4,4,75,1
198,1,19,3,3,83,1
29,1,8,1,3,95,1
130,1,5,4,3,71,1
18,1,17,5,3,76,1
202,1,9,5,2,94,1
101,1,14,2,1,96,1
36,1,10,2,3,77,1
42,1,1,5,3,94,1
46,1,11,5,3,69,1
210,1,8,6,4,68,1
69,1,10,4,3,96,1
76,1,13,3,1,97,1
163,1,3,5,4,73,1
79,1,22,1,2,75,1
180,1,12,3,2,74,1
161,1,11,4,2,82,1
164,1,18,2,1,85,1
238,1,6,2,2,71,1
127,1,12,5,1,99,1
43,1,19,2,1,79,1
274,1,22,1,2,75,1
181,1,7,4,2,78,1
110,1,8,3,3,90,1
164,1,11,5,3,95,1
61,1,24,5,3,89,1
46,1,16,2,1,94,1
291,1,11,3,3,89,1
151,1,10,1,3,76,1
191,1,24,3,3,80,1
72,1,3,1,2,76,1
88,1,11,6,4,71,1
234,1,22,1,3,69,1
57,1,24,5,1,90,1
258,1,14,4,4,71,1
49,1,4,3,2,72,1
44,1,14,5,2,78,1
191,1,15,5,3,89,1
89,1,15,3,3,90,1
218,1,4,6,3,78,1
37,1,7,6,3,67,1
147,1,16,4,3,97,1
194,1,10,3,4,89,1
182,1,7,4,2,82,1
23,1,16,1,1,67,1
192,1,10,3,2,89,1
297,1,3,3,2,74,1
175,1,1,2,3,75,1
278,1,19,1,2,97,1
98,1,23,3,2,90,1
179,1,23,5,3,82,1
296,1,19,6,3,79,1
62,1,17,5,4,77,1
232,1,5,5,3,76,1
289,1,12,2,3,99,1
205,1,20,3,2,81,1
143,1,20,2,2,86,1
238,1,22,5,4,88,1
43,1,18,4,1,86,1
30,1,5,3,3,79,1
214,1,10,6,2,71,1
215,1,10,6,2,96,1
238,1,15,1,2,69,1
104,1,12,3,1,71,1
90,1,16,1,4,98,1
98,1,21,5,3,98,1
19,1,15,2,1,84,1
47,1,12,1,2,71,1
287,1,11,4,2,98,1
189,1,12,4,2,71,1
56,1,14,3,2,76,1
272,1,21,1,3,80,1
213,1,15,5,3,72,1
274,1,6,4,4,80,1
62,1,23,5,2,98,1
215,1,12,3,3,73,1
295,1,4,2,1,70,1
114,1,4,2,2,97,1
255,1,9,4,3,93,1
299,1,19,5,4,68,1
35,1,5,3,3,84,1
275,1,19,3,3,74,1
46,1,12,5,2,87,1
174,1,13,5,4,73,1
59,1,17,3,2,68,1
130,1,11,5,1,78,1
182,1,15,5,2,79,1
45,1,8,3,2,86,1
136,1,4,5,2,82,1
206,1,12,4,3,90,1
287,1,14,6,3,90,1
159,1,13,4,2,83,1
275,1,16,6,2,68,1
24,1,15,2,4,77,1
112,1,16,5,2,93,1
81,1,19,2,2,79,1
44,1,20,4,2,100,1
298,1,18,5,3,97,1
257,1,17,6,4,95,1
212,1,21,3,2,77,1
110,1,13,3,1,98,1
16,1,11,1,1,95,1
22,1,21,4,2,72,1
87,1,7,6,4,82,1
285,1,17,6,2,70,1
251,1,2,5,2,79,1
280,1,19,2,3,90,1
169,1,16,1,3,79,1
150,1,9,4,3,96,1
130,1,17,2,1,86,1
222,1,1,3,3,89,1
189,1,23,1,4,96,1
214,1,9,3,4,71,1
90,1,12,5,2,70,1
227,1,3,3,2,90,1
193,1,23,3,3,83,1
25,1,6,6,1,77,1
88,1,7,6,3,92,1
294,1,22,5,3,81,1
199,1,17,4,4,81,1
212,1,15,5,3,77,1
131,1,20,5,3,93,1
197,1,24,5,3,73,1
195,1,7,2,4,69,1
88,1,15,5,3,83,1
225,1,20,2,2,81,1
230,1,15,2,4,76,1
53,1,2,3,1,83,1
245,1,3,4,2,78,1
35,1,18,2,1,86,1
246,1,2,3,3,74,1
153,1,21,5,1,98,1
56,1,23,6,4,81,1
218,1,2,2,3,70,1
170,1,14,6,4,77,1
195,1,22,6,2,89,1
37,1,15,1,3,71,1
205,1,18,4,1,68,1
293,1,16,3,2,86,1
69,1,7,2,3,81,1
78,1,24,2,3,71,1
156,1,6,5,4,75,1
285,1,7,5,2,94,1
260,1,6,6,1,83,1
74,1,11,3,2,83,1
105,1,17,6,3,71,1
73,1,11,1,1,92,1
295,1,18,2,4,79,1
227,1,6,3,4,86,1
289,1,20,1,1,83,1
297,1,5,3,2,89,1
235,1,6,2,3,71,1
246,1,7,4,2,75,1
27,1,6,4,3,88,1
64,1,7,3,1,81,1
237,1,14,3,2,70,1
84,1,16,2,3,88,1
99,1,16,5,1,100,1
157,1,6,2,3,84,1
193,1,2,5,2,71,1
255,1,22,1,2,89,1
209,1,20,5,2,96,1
69,1,21,2,3,94,1
158,1,15,5,2,78,1
130,1,5,3,4,82,1
87,1,11,2,2,94,1
218,1,15,4,3,91,1
209,1,16,3,2,88,1
266,1,22,1,1,76,1
65,1,17,2,2,92,1
178,1,7,2,1,98,1
110,1,16,6,3,82,1
276,1,20,1,4,83,1
67,1,1,1,2,96,1
217,1,15,4,2,93,1
276,1,9,4,4,94,1
70,1,11,3,3,99,1
104,1,20,5,2,97,1
120,1,18,5,4,93,1
98,1,4,4,3,91,1
288,1,18,4,3,70,1
154,1,8,5,3,98,1
248,1,19,3,2,86,1
162,1,17,5,2,94,1
80,1,8,2,3,67,1
251,1,3,3,3,84,1
182,1,4,5,4,76,1
224,1,21,3,3,85,1
223,1,14,2,2,88,1
153,1,1,3,3,94,1
19,1,6,4,2,87,1
120,1,2,3,1,92,1
286,1,12,3,3,76,1
214,1,10,3,3,80,1
64,1,11,6,1,70,1
239,1,6,5,4,72,1
67,1,11,4,2,78,1
91,1,22,4,3,70,1
157,1,20,1,3,89,1
186,1,10,4,2,83,1
292,1,13,3,4,71,1
27,1,11,5,3,89,1
104,1,7,4,2,87,1
298,1,20,3,3,75,1
229,1,11,3,3,87,1
249,1,19,2,2,95,1
294,1,7,4,3,90,1
135,1,18,4,3,96,1
120,1,5,3,2,91,1
208,1,17,6,2,87,1
135,1,1,4,1,76,1
51,1,8,5,1,93,1
59,1,22,1,3,73,1
228,1,17,1,3,95,1
47,1,9,6,4,99,1
46,1,8,4,4,87,1
201,1,2,4,2,90,1
266,1,15,6,1,85,1
59,1,3,5,1,78,1
142,1,12,4,2,99,1
268,1,3,1,2,68,1
140,1,16,1,1,91,1
112,1,23,3,3,74,1
143,1,11,4,3,95,1
221,1,3,5,4,74,1
213,1,10,3,3,77,1
146,1,6,3,3,93,1
124,1,17,3,3,70,1
19,1,12,3,4,86,1
275,1,10,4,1,68,1
262,1,19,2,2,99,1
36,1,3,3,1,95,1
278,1,6,4,4,78,1
158,1,5,4,4,71,1
149,1,15,4,2,75,1
87,1,7,3,4,89,1
22,1,9,5,1,86,1
278,1,10,3,3,73,1
263,1,3,5,2,94,1
108,1,13,1,3,94,1
170,1,11,4,2,73,1
46,1,2,6,1,91,1
103,1,1,2,4,98,1
164,1,13,4,4,75,1
196,1,18,4,2,76,1
182,1,10,3,2,88,1
47,1,22,3,1,81,1
108,1,15,3,2,98,1
281,1,6,5,3,89,1
53,1,8,1,4,74,1
85,1,2,4,3,90,1
94,1,18,5,3,94,1
45,1,4,3,3,78,1
38,1,7,1,4,100,1
92,1,17,4,2,94,1
207,1,16,1,4,100,1
213,1,23,4,2,83,1
47,1,17,3,1,100,1
38,1,15,1,3,69,1
73,1,18,2,3,95,1
150,1,20,1,3,84,1
246,1,18,3,4,93,1
166,1,4,4,1,84,1
211,1,21,5,2,77,1
108,1,14,5,3,82,1
257,1,19,4,4,67,1
31,1,14,5,2,85,1
37,1,19,5,3,83,1
119,1,17,6,4,95,1
24,1,8,4,3,73,1
197,1,21,3,3,92,1
57,1,18,4,3,76,1
198,1,16,2,3,74,1
180,1,10,5,3,74,1
271,1,4,4,3,84,1
250,1,2,4,3,82,1
247,1,9,2,1,91,1
268,1,11,4,2,95,1
140,1,15,5,2,84,1
235,1,23,4,3,95,1
287,1,19,2,3,84,1
185,1,18,1,1,96,1
23,1,20,4,3,71,1
60,1,19,2,3,73,1
242,1,4,3,2,77,1
173,1,17,3,4,99,1
201,1,21,3,3,86,1
58,1,18,5,4,79,1
294,1,14,3,4,90,1
175,1,4,3,2,97,1
111,1,12,1,2,83,1
222,1,4,5,4,91,1
28,1,3,6,2,78,1
106,1,4,6,4,92,1
95,1,10,3,4,75,1
132,1,11,2,4,72,1
186,1,2,2,3,82,1
228,1,23,6,2,69,1
211,1,14,1,2,87,1
179,1,15,2,4,87,1
87,1,22,4,2,75,1
108,1,21,5,4,90,1
51,1,13,6,3,74,1
26,1,15,4,2,94,1
168,1,21,3,3,76,1
54,1,23,4,2,68,1
249,1,9,3,4,71,1
262,1,9,2,3,87,1
40,1,4,2,2,86,1
263,1,13,5,1,70,1
58,1,9,6,4,97,1
52,1,23,1,2,85,1
216,1,11,3,2,81,1
109,1,4,3,3,74,1
139,1,14,5,2,91,1
254,1,12,2,1,95,1
75,1,21,5,2,88,1
53,1,3,5,2,78,1
97,1,4,4,2,71,1
25,1,7,3,1,86,1
20,1,24,5,2,75,1
15,1,15,4,1,70,1
26,1,5,3,2,88,1
66,1,8,2,4,82,1
39,1,5,4,1,91,1
253,1,3,1,2,73,1
201,1,3,3,1,68,1
92,1,6,1,1,68,1
219,1,19,3,1,68,1
138,1,16,1,1,94,1
226,1,10,2,3,72,1
127,1,16,2,2,93,1
218,1,12,4,4,68,1
226,1,17,3,2,90,1
115,1,12,4,2,94,1
277,1,9,3,4,82,1
266,1,13,2,3,86,1
244,1,11,4,3,83,1
74,1,4,3,3,83,1
244,1,6,5,2,84,1
106,1,9,5,3,93,1
213,1,5,4,4,82,1
179,1,19,1,2,81,1
210,1,14,5,2,77,1
253,1,13,1,1,90,1
272,1,20,6,1,76,1
194,1,16,5,3,94,1
91,1,23,4,3,95,1
172,1,9,3,4,86,1
165,1,6,5,2,90,1
152,1,19,2,2,94,1
268,1,7,6,4,73,1
185,1,17,5,3,71,1
84,1,21,3,1,85,1
37,1,3,4,2,70,1
280,1,8,4,4,96,1
286,1,19,6,2,92,1
237,1,7,4,2,69,1
294,1,20,3,3,91,1
235,1,4,5,3,68,1
263,1,10,5,2,69,1
124,1,12,5,2,92,1
41,1,21,3,2,94,1
34,1,23,2,2,90,1
30,1,10,2,1,68,1
62,1,22,1,2,95,1
248,1,8,2,2,82,1
297,1,2,4,3,81,1
20,1,12,3,2,96,1
185,1,15,4,2,90,1
115,1,15,4,4,89,1
216,1,3,3,2,99,1
66,1,20,2,4,71,1
297,1,14,5,3,94,1
249,1,21,4,1,70,1
23,1,2,2,2,97,1
288,1,16,4,2,75,1
93,1,4,4,3,93,1
53,1,14,4,2,89,1
261,1,21,6,3,68,1
224,1,3,2,3,73,1
254,1,3,5,2,71,1
67,1,3,3,4,96,1
202,1,20,2,2,94,1
169,1,17,6,2,75,1
152,1,3,6,3,79,1
299,1,4,6,1,94,1
51,1,5,3,3,89,1
280,1,16,1,3,75,1
39,1,12,5,3,87,1
278,1,6,5,2,96,1
70,1,24,5,3,88,1
249,1,16,2,1,90,1
261,1,19,4,2,75,1
201,1,8,5,1,82,1
24,1,17,2,2,100,1
83,1,20,2,2,74,1
95,1,6,5,3,95,1
99,1,3,6,3,67,1
294,1,7,3,2,68,1
276,1,15,2,2,89,1
214,1,18,2,2,82,1
221,1,13,3,2,93,1
37,1,6,4,4,86,1
89,1,8,1,2,89,1
151,1,10,4,3,73,1
280,1,4,5,3,90,1
270,1,13,5,3,67,1
155,1,22,3,3,98,1
98,1,11,1,1,81,1
19,1,7,3,3,75,1
274,1,9,1,3,88,1
143,1,17,3,1,93,1
103,1,16,1,2,99,1
159,1,23,3,3,77,1
113,1,12,3,2,99,1
150,1,22,5,2,91,1
53,1,18,5,2,72,1
108,1,21,4,4,92,1
144,1,12,6,2,88,1
55,1,8,5,3,95,1
252,1,17,6,3,84,1
131,1,19,3,4,74,1
220,1,21,1,3,69,1
237,1,7,3,1,81,1
93,1,13,5,1,88,1
182,1,20,3,1,82,1
72,1,6,3,1,77,1
267,1,19,4,2,84,1
249,1,9,4,3,86,1
27,1,23,4,4,68,1
28,1,5,4,2,71,1
257,1,16,2,1,94,1
152,1,8,3,1,74,1
53,1,8,6,3,84,1
154,1,15,1,2,79,1
111,1,22,4,2,94,1
281,1,8,3,2,80,1
192,1,1,5,2,80,1
185,1,12,5,1,72,1
143,1,9,3,2,68,1
80,1,20,2,4,88,1
195,1,11,2,2,82,1
222,1,13,3,3,91,1
155,1,4,4,3,98,1
24,1,22,3,2,69,1
65,1,14,6,2,77,1
298,1,19,3,2,85,1
124,1,10,6,3,74,1
130,1,17,6,3,94,1
67,1,23,4,2,84,1
232,1,8,1,4,98,1
267,1,24,6,1,72,1
196,1,10,4,3,96,1
150,1,18,2,2,83,1
268,1,22,6,2,77,1
51,1,10,6,3,72,1
296,1,5,4,2,81,1
229,1,23,1,2,96,1
282,1,21,2,1,84,1
255,1,6,2,3,99,1
18,1,4,4,4,75,1
186,1,18,6,3,97,1
33,1,23,5,4,79,1
200,1,20,6,3,83,1
166,1,17,1,2,76,1
252,1,10,2,3,86,1
217,1,6,4,3,88,1
67,1,5,3,3,94,1
248,1,9,2,2,80,1
22,1,20,3,1,94,1
287,1,18,5,3,74,1
261,1,3,6,1,74,1
130,1,24,3,2,78,1
37,1,19,5,1,90,1
91,1,13,2,3,87,1
103,1,6,1,4,78,1
145,1,12,4,4,70,1
117,1,10,4,3,86,1
275,1,18,2,2,67,1
250,1,24,5,3,76,1
199,1,3,2,2,70,1
21,1,4,4,4,96,1
23,1,17,2,4,67,1
284,1,7,3,3,92,1
125,1,17,5,2,82,1
235,1,19,5,1,87,1
41,1,12,6,1,80,1
53,1,15,5,3,87,1
51,1,15,1,3,91,1
133,1,7,5,3,85,1
99,1,12,3,4,92,1
105,1,9,1,4,86,1
240,1,19,2,3,75,1
221,1,21,4,3,86,1
90,1,23,5,3,78,1
135,1,5,4,1,88,1
209,1,12,3,2,68,1
179,1,16,2,4,84,1
104,1,5,6,2,90,1
199,1,22,3,1,90,1
40,1,7,3,1,71,1
296,1,24,4,1,94,1
293,1,2,3,3,71,1
161,1,16,3,3,89,1
142,1,8,3,2,72,1
41,1,8,3,3,96,1
60,1,8,5,2,71,1
151,1,11,2,1,79,1
134,1,7,4,3,100,1
73,1,4,4,2,79,1
282,1,16,4,3,72,1
225,1,2,6,2,86,1
236,1,11,2,3,99,1
216,1,19,5,4,69,1
129,1,5,4,2,82,1
33,1,9,2,3,76,1
259,1,19,4,2,84,1
218,1,4,3,1,72,1
233,1,11,6,1,91,1
239,1,23,3,3,90,1
54,1,22,1,2,92,1
145,1,6,3,3,74,1
156,1,14,5,4,73,1
267,1,10,4,2,95,1
159,1,19,2,4,75,1
141,1,21,4,2,69,1
67,1,18,5,3,82,1
113,1,17,2,3,70,1
163,1,13,2,2,96,1
151,1,24,2,3,97,1
15,1,8,2,3,90,1
176,1,22,1,2,79,1
259,1,11,2,2,85,1
117,1,2,1,4,71,1
214,1,17,4,2,76,1
98,1,14,6,1,70,1
23,1,14,3,2,83,1
54,1,7,2,4,95,1
137,1,2,4,2,89,1
180,1,8,5,2,91,1
280,1,2,1,4,92,1
294,1,2,5,3,70,1
55,1,24,2,3,83,1
35,1,23,3,1,99,1
81,1,7,5,3,92,1
203,1,9,2,2,80,1
241,1,4,1,2,82,1
136,1,6,4,3,98,1
169,1,24,2,1,81,1
268,1,3,3,3,86,1
138,1,24,3,2,93,1
238,1,14,3,2,78,1
216,1,16,2,2,72,1
120,1,21,3,3,75,1
277,1,14,1,4,73,1
215,1,10,5,3,72,1
243,1,11,6,2,75,1
40,1,24,5,1,81,1
264,1,13,5,2,95,1
32,1,18,3,2,74,1
94,1,1,2,3,77,1
202,2,8,4,2,76,1
129,1,14,3,3,69,1
42,2,17,4,2,92,1
171,1,17,4,2,99,1
272,2,3,2,3,83,1
178,2,7,3,1,98,1
53,1,23,4,4,74,1
199,1,8,4,1,73,1
260,1,22,3,2,84,1
52,1,7,6,3,85,1
83,2,17,4,4,90,1
160,2,17,3,4,80,1
276,1,6,1,3,76,1
43,1,6,2,2,89,1
250,1,5,4,3,75,1
63,2,1,5,4,95,1
75,2,9,1,3,82,1
78,2,20,5,2,74,1
80,1,2,4,4,95,1
249,2,1,4,3,91,1
118,1,23,1,2,85,1
218,2,9,6,3,82,1
171,2,21,4,2,77,1
199,2,19,5,1,92,1
290,1,16,4,1,67,1
123,2,2,3,3,67,1
251,1,12,4,3,74,1
28,1,13,4,3,95,1
229,2,16,6,3,95,1
237,1,17,3,3,89,1
151,1,19,4,1,69,1
135,2,4,3,2,67,1
287,1,10,2,1,94,1
268,2,18,5,3,83,1
139,2,8,1,3,96,1
129,1,14,3,4,75,1
94,1,18,3,3,80,1
206,2,5,6,2,89,1
112,2,24,1,4,85,1
266,2,11,5,3,88,1
23,2,3,2,2,68,1
264,1,11,3,3,81,1
177,1,16,4,1,76,1
113,1,11,2,3,86,1
90,1,21,3,2,77,1
186,2,21,5,1,95,1
212,2,20,4,3,72,1
239,2,10,6,3,73,1
40,1,22,5,2,94,1
196,1,14,3,2,86,1
186,1,5,1,3,78,1
280,1,4,3,1,89,1
144,2,18,5,2,98,1
144,1,13,1,2,79,1
277,1,22,3,3,90,1
230,1,20,6,1,96,1
58,1,19,1,2,74,1
275,1,12,4,2,90,1
266,2,20,2,3,71,1
25,1,8,6,2,87,1
256,2,16,3,2,79,1
139,1,10,3,2,81,1
134,1,13,5,3,82,1
148,2,8,6,2,100,1
206,2,12,3,3,93,1
139,2,4,4,3,97,1
122,2,24,3,3,69,1
225,2,17,5,2,70,1
163,2,14,3,1,71,1
98,2,8,6,2,84,1
294,1,22,4,3,68,1
281,2,7,2,4,69,1
227,2,15,1,2,93,1
70,1,19,4,2,68,1
185,2,22,2,3,69,1
217,1,14,4,1,75,1
108,1,4,6,1,79,1
136,1,15,2,2,77,1
106,1,20,4,1,71,1
30,2,19,3,2,84,1
128,2,7,2,3,88,1
125,2,23,2,2,85,1
144,2,17,1,1,98,1
85,2,12,4,2,89,1
86,1,22,5,3,73,1
87,2,16,5,2,68,1
17,1,11,2,2,85,1
221,1,13,2,2,91,1
250,2,15,3,2,76,1
222,1,10,2,1,92,1
80,1,3,2,3,78,1
289,1,20,3,1,86,1
29,2,9,3,1,86,1
32,2,3,5,3,80,1
238,1,17,5,2,94,1
170,1,9,1,3,79,1
269,1,8,5,2,71,1
76,1,5,3,4,69,1
248,2,2,5,3,69,1
151,1,7,2,3,69,1
271,1,2,4,3,93,1
149,1,6,1,3,67,1
98,2,2,1,1,94,1
282,2,21,3,1,80,1
135,2,19,1,4,89,1
98,1,21,4,3,87,1
108,1,17,3,3,76,1
285,2,8,6,4,85,1
153,1,6,4,4,72,1
202,1,22,4,1,68,1
290,1,9,3,3,69,1
176,1,21,3,2,77,1
248,1,14,4,3,67,1
177,1,21,3,1,89,1
93,2,24,2,1,98,1
231,1,19,5,1,89,1
172,2,22,5,2,67,1
240,2,10,4,2,67,1
220,2,11,5,1,69,1
145,2,20,1,3,88,1
120,1,10,3,3,71,1
170,1,10,2,3,89,1
27,1,18,4,2,99,1
285,1,20,5,2,90,1
24,2,17,3,2,87,1
280,1,7,3,2,82,1
152,2,10,3,3,98,1
183,1,18,4,3,74,1
192,1,5,4,2,80,1
207,1,13,1,3,77,1
126,2,13,5,3,91,1
68,1,21,3,3,91,1
142,2,14,6,2,85,1
20,1,8,1,1,68,1
156,2,3,2,2,95,1
296,1,18,6,3,83,1
148,1,19,1,3,69,1
99,1,22,3,3,95,1
166,1,22,1,2,72,1
178,2,13,5,2,69,1
28,2,9,1,3,82,1
120,1,4,4,2,84,1
175,1,10,3,1,82,1
71,1,21,3,2,91,1
242,2,13,5,3,89,1
171,1,19,2,4,87,1
292,1,23,4,4,77,1
22,1,17,6,1,77,1
180,2,18,5,2,74,1
77,2,6,4,3,68,1
168,2,17,3,3,85,1
56,2,17,2,2,83,1
200,1,8,6,2,83,1
151,2,17,4,2,88,1
244,2,11,2,2,93,1
286,1,12,5,2,78,1
244,1,12,2,4,70,1
238,2,10,5,2,80,1
107,2,2,2,2,70,1
233,1,19,6,4,84,1
238,2,22,5,2,81,1
255,2,7,2,4,100,1
75,2,10,4,4,93,1
100,2,22,3,1,98,1
98,2,12,2,1,94,1
92,2,20,4,3,85,1
60,1,16,3,2,75,1
100,2,21,4,3,80,1
284,2,4,2,4,68,1
181,2,14,4,4,93,1
196,2,9,1,3,80,1
293,2,16,3,1,70,1
85,2,3,5,2,75,1
20,1,6,4,3,86,1
113,2,4,3,1,88,1
218,1,14,6,3,87,1
212,2,3,4,1,75,1
262,2,16,3,3,75,1
136,1,7,5,3,82,1
211,1,7,5,3,94,1
35,2,4,4,3,94,1
101,2,16,5,3,80,1
282,2,16,3,1,78,1
110,1,13,4,3,75,1
40,2,10,4,3,81,1
166,2,17,5,1,68,1
86,1,21,3,3,90,1
242,2,23,5,2,75,1
242,1,20,2,2,76,1
110,1,2,2,1,83,1
35,2,5,3,1,89,1
296,1,23,4,2,67,1
16,2,12,6,3,90,1
84,1,4,5,4,97,1
192,2,12,1,2,72,1
256,1,17,5,4,89,1
261,2,6,3,4,81,1
216,1,17,5,2,95,1
94,2,12,2,3,94,1
201,2,9,4,2,78,1
121,2,6,5,2,92,1
219,1,21,3,3,73,1
137,1,4,3,2,79,1
40,2,8,2,3,68,1
110,2,24,3,1,99,1
259,2,2,1,2,71,1
169,2,7,2,4,81,1
224,1,17,5,1,75,1
80,1,17,4,3,74,1
48,2,21,1,1,97,1
133,1,17,3,2,68,1
96,1,23,2,4,95,1
250,1,22,5,4,76,1
254,2,17,2,4,75,1
100,2,24,2,4,100,1
138,2,4,6,2,77,1
228,1,5,3,4,89,1
69,1,24,3,4,76,1
114,2,21,1,4,79,1
41,2,11,3,3,74,1
126,1,12,2,1,99,1
39,1,13,2,3,79,1
18,1,17,3,4,70,1
177,2,5,2,2,75,1
103,2,11,1,2,88,1
253,2,18,1,3,90,1
33,1,13,1,3,81,1
264,1,19,4,4,88,1
186,2,20,1,2,99,1
35,2,22,5,2,75,1
236,1,21,1,2,86,1
173,1,13,4,3,100,1
175,1,12,4,3,81,1
96,2,24,4,1,74,1
103,1,2,2,2,81,1
116,2,3,5,4,84,1
226,2,3,1,2,84,1
17,2,9,5,3,68,1
167,2,15,5,2,99,1
182,1,22,2,3,85,1
220,1,10,5,2,96,1
103,1,7,1,3,98,1
151,2,13,4,3,96,1
17,1,12,3,4,72,1
39,2,10,2,2,84,1
177,1,24,2,2,91,1
130,2,11,4,4,79,1
299,1,8,2,3,91,1
22,1,19,6,2,67,1
105,1,15,3,3,94,1
109,1,3,6,2,77,1
288,2,18,5,3,77,1
95,2,21,2,3,74,1
110,1,22,4,2,77,1
45,2,18,5,2,92,1
274,1,18,2,2,97,1
117,2,1,3,3,70,1
216,1,17,3,2,91,1
225,2,3,1,4,93,1
261,2,4,4,2,81,1
142,1,14,2,3,71,1
194,1,22,3,4,78,1
107,1,21,2,2,94,1
33,1,17,5,4,79,1
144,2,15,2,1,98,1
122,2,19,2,2,77,1
125,2,11,6,3,93,1
62,1,22,5,2,87,1
291,1,11,2,1,94,1
166,2,23,2,1,78,1
285,1,20,6,1,97,1
124,1,20,4,1,77,1
16,1,2,1,3,71,1
146,1,20,2,4,90,1
217,1,17,1,2,91,1
38,1,22,3,2,75,1
169,1,15,4,2,79,1
177,1,2,1,2,82,1
274,2,22,4,2,80,1
127,1,5,4,3,91,1
249,2,15,3,3,82,1
283,1,10,3,2,91,1
202,1,8,3,3,94,1
95,1,21,3,4,93,1
32,2,10,2,1,73,1
175,1,7,3,3,69,1
26,2,22,4,3,87,1
122,1,23,5,2,80,1
252,1,19,3,3,77,1
125,2,9,2,1,94,1
154,2,14,2,1,72,1
78,2,20,5,3,74,1
150,2,19,2,3,78,1
97,1,16,5,4,100,1
161,2,8,4,4,87,1
299,2,9,3,2,94,1
170,1,8,2,1,96,1
161,1,5,5,2,91,1
241,2,8,1,2,78,1
97,2,20,2,2,72,1
78,1,23,5,1,76,1
81,2,11,6,2,99,1
175,2,19,3,4,69,1
30,1,15,3,1,93,1
18,1,19,4,2,77,1
81,1,7,6,3,91,1
183,2,23,1,2,95,1
87,1,19,2,1,98,1
89,2,8,3,2,81,1
34,1,17,4,3,71,1
217,1,11,5,1,91,1
72,1,4,2,2,69,1
154,2,4,4,2,97,1
170,1,17,4,1,71,1
117,1,22,5,3,68,1
51,1,22,3,2,78,1
150,1,18,6,2,83,1
216,2,2,3,3,85,1
260,1,22,2,3,72,1
93,2,14,2,4,97,1
237,1,6,3,1,76,1
197,1,19,1,3,87,1
67,2,19,1,4,96,1
86,1,10,4,2,89,1
91,1,21,5,3,90,1
265,2,13,3,4,78,1
290,1,3,4,3,84,1
257,2,7,3,2,71,1
127,2,14,5,3,100,1
227,1,9,3,2,86,1
288,1,22,2,3,76,1
90,2,6,2,2,88,1
218,2,11,3,2,71,1
232,1,2,5,1,73,1
286,1,5,4,2,77,1
208,1,11,1,3,78,1
15,1,11,4,2,95,1
145,1,12,5,3,68,1
113,2,14,3,1,92,1
170,2,20,5,1,72,1
285,1,4,4,1,74,1
150,1,5,5,2,97,1
77,1,8,1,3,73,1
45,1,8,4,1,78,1
17,1,4,2,3,89,1
106,1,13,5,3,96,1
227,2,10,1,3,70,1
256,2,11,5,3,82,1
34,2,2,5,2,74,1
32,2,12,6,2,90,1
67,1,20,2,2,84,1
265,2,22,1,3,70,1
26,2,10,1,1,89,1
69,1,18,2,1,92,1
142,2,17,2,1,72,1
146,1,22,2,2,70,1
199,2,13,5,2,96,1
173,2,1,6,3,85,1
56,1,19,2,3,74,1
32,1,7,2,2,80,1
203,2,5,5,2,71,1
19,2,7,4,4,71,1
92,1,14,1,3,79,1
135,2,19,6,4,87,1
23,2,7,3,4,82,1
62,1,10,1,3,75,1
179,1,24,4,3,83,1
132,1,15,3,4,74,1
89,2,14,4,2,76,1
42,2,15,4,3,87,1
260,2,20,3,2,85,1
70,1,2,2,3,86,1
273,2,22,3,2,71,1
93,2,9,3,1,98,1
209,2,6,3,2,95,1
69,1,10,4,3,98,1
208,1,11,2,2,68,1
197,2,20,3,3,79,1
186,2,14,4,2,97,1
94,2,1,6,1,86,1
183,2,11,6,1,73,1
166,2,22,6,2,74,1
283,1,16,3,3,95,1
259,2,21,2,4,88,1
188,1,23,2,4,89,1
202,1,17,5,2,72,1
261,1,18,3,2,72,1
80,2,15,2,3,72,1
42,2,10,3,2,77,1
48,2,12,2,1,97,1
15,2,3,4,2,74,1
136,2,21,5,2,99,1
269,2,14,4,4,83,1
23,1,9,5,2,76,1
212,1,15,5,2,90,1
123,2,22,4,2,82,1
185,1,5,4,3,94,1
105,1,3,2,3,95,1
285,1,22,4,4,92,1
60,2,19,6,2,91,1
274,2,19,6,1,50,2
108,1,23,3,2,42,2
280,1,20,5,1,64,2
209,2,19,1,3,41,2
133,1,18,3,3,50,2
292,1,5,2,2,43,2
99,1,18,3,3,64,2
35,2,23,5,2,55,2
68,2,2,3,2,44,2
297,2,16,3,3,53,2
231,1,17,2,3,47,2
54,2,4,3,1,67,2
154,2,4,2,1,50,2
37,1,17,4,1,64,2
44,1,11,1,3,46,2
174,1,11,4,3,59,2
112,1,11,4,2,54,2
202,1,9,5,3,62,2
132,1,8,2,3,52,2
154,2,7,3,3,38,2
295,1,4,6,4,59,2
110,1,4,4,2,48,2
65,1,10,4,2,52,2
207,1,3,4,4,64,2
92,2,16,3,3,40,2
277,1,8,2,4,66,2
91,2,2,1,1,45,2
206,2,10,2,4,41,2
133,2,19,4,2,38,2
137,2,2,2,2,55,2
263,1,13,6,1,40,2
197,1,20,5,3,40,2
102,2,12,5,3,40,2
92,2,15,6,4,34,2
244,1,1,3,2,47,2
195,1,22,1,2,50,2
133,1,20,2,3,40,2
83,2,6,5,2,36,2
172,1,9,3,4,35,2
252,1,23,2,2,66,2
106,1,10,2,4,47,2
38,1,22,4,2,39,2
200,1,3,4,1,48,2
187,1,5,3,4,50,2
85,2,21,5,4,43,2
60,2,10,5,2,54,2
214,1,9,1,1,50,2
263,2,5,4,2,62,2
217,1,22,5,2,35,2
103,1,21,1,3,45,2
66,2,10,4,3,44,2
167,1,1,2,1,55,2
98,1,12,6,2,35,2
274,2,10,1,4,58,2
199,1,2,3,3,56,2
245,1,19,3,4,44,2
268,1,16,4,1,58,2
255,2,10,2,2,50,2
272,1,20,6,3,56,2
132,2,3,4,2,39,2
80,1,15,3,2,57,2
133,2,15,5,1,62,2
32,2,15,2,2,56,2
243,1,17,5,2,36,2
20,2,21,3,4,59,2
189,2,16,1,1,42,2
130,1,9,6,3,47,2
62,2,9,4,2,54,2
51,2,19,4,2,45,2
39,1,3,3,2,59,2
255,2,16,3,1,46,2
113,1,19,2,4,52,2
209,2,11,5,3,36,2
116,1,17,4,4,47,2
170,1,20,6,4,62,2
131,1,11,3,3,43,2
224,2,20,2,4,64,2
26,1,14,3,2,45,2
203,2,3,3,3,53,2
32,1,4,4,2,59,2
81,1,20,6,2,62,2
164,1,7,5,2,64,2
167,1,10,5,2,62,2
164,2,5,6,3,61,2
277,1,20,3,3,51,2
283,1,24,4,2,36,2
236,1,2,2,3,58,2
158,1,10,5,2,50,2
142,1,21,3,3,66,2
203,1,4,5,3,38,2
69,2,11,4,1,47,2
98,1,6,5,2,42,2
283,2,19,1,1,38,2
62,2,10,5,3,52,2
214,1,13,2,2,39,2
289,1,9,5,3,53,2
32,1,2,2,4,60,2
174,1,19,1,2,46,2
215,1,9,4,2,41,2
54,1,5,2,1,47,2
253,2,11,6,2,35,2
232,1,14,1,1,58,2
24,1,16,2,3,35,2
294,1,6,3,1,34,2
278,2,19,2,2,59,2
40,1,19,4,1,59,2
38,2,17,4,2,41,2
191,2,18,6,2,40,2
111,1,13,3,2,43,2
232,2,5,5,1,40,2
77,2,19,5,4,55,2
178,1,16,3,3,39,2
249,2,4,4,2,58,2
150,2,19,4,3,55,2
198,2,15,1,1,36,2
231,1,15,5,3,57,2
69,1,23,1,2,63,2
289,2,14,4,3,38,2
220,1,15,5,3,50,2
237,2,18,2,3,60,2
224,1,8,2,2,52,2
44,1,6,4,2,61,2
172,1,11,5,2,38,2
101,1,19,2,2,39,2
207,2,4,5,1,57,2
31,1,19,3,2,50,2
249,1,21,2,4,43,2
212,1,18,1,1,66,2
39,1,5,1,2,35,2
139,1,10,2,3,52,2
187,2,10,1,2,65,2
72,1,6,5,3,55,2
163,1,9,2,3,39,2
137,2,17,3,2,37,2
228,1,16,4,2,57,2
226,1,9,3,2,50,2
201,2,14,1,1,48,2
131,2,5,2,3,53,2
141,2,21,3,1,47,2
197,2,17,1,4,36,2
124,2,10,5,4,62,2
97,1,13,6,1,66,2
162,1,9,5,2,45,2
107,1,23,6,1,56,2
258,2,2,3,2,39,2
298,1,12,6,3,37,2
78,1,21,2,2,50,2
100,2,18,4,1,36,2
134,2,3,3,3,45,2
277,1,14,4,3,61,2
134,1,10,5,4,40,2
273,2,17,2,3,58,2
151,1,17,4,4,67,2
34,1,2,4,4,43,2
281,1,16,4,1,56,2
204,2,1,3,1,67,2
97,1,2,4,3,63,2
264,1,3,1,1,54,2
252,1,14,2,3,36,2
50,1,22,5,3,59,2
170,1,6,3,3,55,2
131,1,14,4,3,48,2
124,1,24,6,2,51,2
260,1,3,6,1,52,2
168,2,24,5,3,57,2
276,2,3,5,2,63,2
169,2,11,2,1,66,2
269,2,1,3,3,39,2
53,2,1,2,2,36,2
207,2,11,4,1,55,2
98,2,17,5,3,48,2
104,1,10,3,4,60,2
193,2,17,6,2,65,2
284,2,20,6,4,60,2
27,1,7,1,2,41,2
92,1,20,2,1,45,2
283,1,3,3,2,53,2
213,1,2,3,1,57,2
123,2,11,5,1,45,2
273,1,12,3,3,50,2
226,2,22,4,1,42,2
155,1,2,4,2,50,2
264,1,11,3,3,35,2
68,2,17,2,1,59,2
199,1,12,1,4,50,2
209,2,15,5,3,49,2
31,2,6,4,1,40,2
148,1,7,4,3,43,2
101,2,14,4,4,49,2
99,1,5,1,3,50,2
256,2,6,1,3,63,2
59,2,12,3,3,36,2
190,2,3,1,3,48,2
179,2,14,3,4,56,2
233,2,10,5,2,60,2
169,2,18,3,3,51,2
90,2,15,3,2,49,2
242,2,23,3,1,60,2
185,2,8,2,1,47,2
33,1,17,3,2,36,2
91,2,9,5,3,52,2
271,2,9,5,3,64,2
213,2,20,4,2,38,2
55,2,22,4,3,37,2
246,2,23,4,2,58,2
202,2,21,6,3,54,2
56,2,18,1,3,48,2
269,2,8,5,3,56,2
143,2,2,1,2,41,2
290,2,13,5,1,37,2
183,2,20,2,1,59,2
160,2,4,2,3,41,2
70,2,8,5,3,59,2
177,2,13,4,4,41,2
139,2,5,2,2,37,2
205,2,14,4,3,47,2
274,2,19,5,3,49,2
217,2,21,3,2,58,2
150,2,13,3,3,36,2
253,2,9,3,2,36,2
101,2,17,4,4,52,2
153,2,9,3,1,60,2
112,2,4,4,2,46,2
53,2,17,2,4,62,2
72,2,3,3,4,56,2
113,2,5,3,2,35,2
41,2,15,4,1,39,2
212,2,12,2,3,53,2
28,2,4,3,3,48,2
201,2,9,5,2,38,2
154,2,14,2,2,56,2
237,2,7,1,1,43,2
272,2,10,2,3,64,2
288,2,23,4,1,53,2
131,2,8,1,3,35,2
165,2,22,5,1,48,2
84,2,23,2,3,60,2
133,2,14,3,2,40,2
20,2,20,1,3,38,2
241,2,16,2,1,38,2
250,2,16,5,2,41,2
293,2,17,5,4,46,2
17,2,24,1,4,45,2
80,2,10,6,4,40,2
261,2,7,4,1,64,2
32,2,4,4,4,59,2
257,2,11,5,3,57,2
100,2,5,6,2,55,2
188,2,18,2,4,60,2
51,2,17,3,2,54,2
98,2,13,6,1,35,2
132,2,2,4,1,45,2
212,2,14,1,2,59,2
131,2,17,3,4,40,2
265,2,4,3,2,39,2
238,2,22,2,1,56,2
170,2,10,4,2,49,2
173,2,14,4,4,55,2
186,2,4,3,1,42,2
231,2,6,1,4,46,2
289,2,18,5,4,54,2
202,2,3,3,2,53,2
263,2,10,6,1,53,2
82,2,7,4,4,43,2
230,2,15,1,2,49,2
47,2,13,4,1,40,2
189,2,23,4,4,37,2
58,2,12,2,4,58,2
36,2,15,5,3,47,2
250,2,2,4,3,43,2
238,2,5,3,3,44,2
60,2,7,1,3,59,2
146,2,6,2,4,38,2
83,2,11,4,1,38,2
86,2,16,4,2,35,2
108,2,15,4,4,35,2
122,2,1,4,2,46,2
186,2,2,4,2,49,2
186,2,16,3,1,57,2
125,2,1,4,3,60,2
54,2,21,2,2,46,2
70,2,9,5,3,40,2
138,2,5,5,1,57,2
37,2,21,3,2,35,2
202,2,21,4,2,65,2
260,2,9,2,2,35,2
17,2,19,5,3,36,2
286,2,14,2,3,56,2
297,2,13,4,3,66,2
84,2,12,3,3,36,2
49,2,13,5,1,38,2
50,2,13,3,2,63,2
199,2,13,2,2,67,2
147,2,9,6,2,37,2
80,2,5,5,3,65,2
71,2,23,3,1,43,2
129,2,13,5,3,34,2
250,2,13,5,1,64,2
246,2,14,5,2,62,2
287,2,19,3,4,56,2
139,2,10,6,2,40,2
93,2,20,4,1,60,2
180,2,4,3,3,35,2
245,2,21,4,2,43,2
288,2,20,3,3,36,2
87,2,12,6,3,64,2
180,2,4,4,3,62,2
189,2,21,5,4,34,2
76,2,21,4,3,42,2
58,2,5,2,1,36,2
22,2,12,2,2,61,2
288,2,9,4,1,49,2
227,2,9,5,2,41,2
27,2,16,3,2,53,2
226,2,20,2,2,49,2
24,2,17,3,3,55,2
224,2,2,3,3,66,2
96,2,22,2,1,64,2
155,2,13,3,4,65,2
294,2,7,2,2,47,2
52,2,8,2,3,67,2
269,2,23,3,3,46,2
224,2,14,4,1,44,2
79,2,5,4,3,51,2
155,2,19,2,2,57,2
265,2,14,4,2,51,2
28,2,7,4,3,39,2
166,2,9,6,3,67,2
294,2,12,5,1,60,2
199,2,9,1,2,55,2
269,2,15,2,4,65,2
88,2,7,3,3,59,2
141,2,9,2,2,53,2
166,2,17,2,2,40,2
24,2,16,2,4,44,2
221,2,17,3,4,49,2
252,2,21,4,3,49,2
227,2,6,5,3,60,2
107,2,13,4,1,37,2
184,2,4,2,2,36,2
127,2,8,2,3,63,2
219,2,6,4,3,56,2
277,2,11,4,1,46,2
192,2,8,2,3,60,2
111,2,19,4,2,64,2
18,2,10,4,3,37,2
126,2,7,3,4,66,2
236,2,15,5,3,45,2
148,2,8,5,3,49,2
282,2,6,4,2,36,2
74,2,10,3,2,37,2
274,2,15,6,2,62,2
24,2,18,2,3,64,2
272,2,20,4,3,67,2
269,2,8,4,2,44,2
45,2,11,2,1,65,2
225,2,17,5,1,53,2
35,2,23,6,3,36,2
278,2,10,2,2,58,2
208,2,21,2,2,63,2
165,2,19,2,2,65,2
234,2,22,1,2,63,2
248,2,9,2,3,39,2
112,2,13,3,3,60,2
247,2,23,2,4,56,2
55,2,24,5,3,59,2
158,2,18,6,4,53,2
262,2,18,6,4,54,2
115,2,11,3,3,51,2
246,2,13,4,2,66,2
215,2,12,6,1,46,2
97,2,13,1,2,53,2
162,2,15,4,3,38,2
157,2,6,4,1,44,2
183,2,6,1,3,36,2
292,2,9,5,4,58,2
134,2,7,1,4,59,2
103,2,2,4,1,48,2
251,2,5,2,2,47,2
294,2,18,5,3,41,2
47,2,15,5,3,40,2
54,2,22,1,3,46,2
37,2,24,4,2,62,2
166,2,24,3,4,64,2
144,2,23,4,3,40,2
86,2,22,4,4,52,2
161,2,18,2,2,48,2
56,2,10,5,1,35,2
148,2,8,5,3,62,2
241,2,18,6,4,47,2
109,2,13,2,3,52,2
189,2,4,6,4,57,2
273,2,14,5,1,41,2
103,2,15,3,4,53,2
46,2,20,1,1,62,2
176,2,18,2,4,41,2
61,2,7,2,4,57,2
148,2,17,5,1,59,2
30,2,2,6,2,34,2
228,2,3,2,1,43,2
278,2,2,4,1,55,2
152,2,15,3,2,52,2
172,2,23,4,2,37,2
32,2,22,4,1,39,2
225,2,21,5,2,38,2
292,2,21,2,3,64,2
185,2,23,3,4,65,2
215,2,10,4,2,67,2
40,2,23,1,4,60,2
145,2,11,3,3,56,2
194,2,19,2,3,64,2
193,2,15,5,3,47,2
203,2,24,3,4,52,2
46,2,5,1,2,55,2
205,2,18,5,1,50,2
46,2,8,2,3,37,2
210,2,7,1,2,59,2
174,2,6,4,3,42,2
271,2,7,2,3,57,2
77,2,2,4,4,65,2
190,2,9,3,3,62,2
271,2,22,3,2,64,2
105,2,22,3,2,65,2
108,2,19,2,2,53,2
94,2,4,4,3,53,2
66,2,17,1,3,36,2
107,2,7,5,3,36,2
241,2,7,5,3,47,2
162,2,16,3,3,64,2
86,2,18,5,2,47,2
180,2,6,3,1,40,2
173,2,7,3,3,49,2
281,2,22,3,4,52,2
132,2,22,5,1,42,2
250,2,4,3,2,45,2
99,2,10,2,2,43,2
131,2,7,3,2,51,2
218,2,3,1,2,35,2
171,2,9,2,2,52,2
247,2,23,5,3,60,2
145,2,20,4,4,46,2
106,2,13,4,3,36,2
136,2,18,2,2,66,2
179,2,16,2,4,41,2
62,2,14,3,4,54,2
84,2,13,4,2,54,2
176,2,4,6,3,40,2
215,2,14,6,4,61,2
141,2,23,3,3,57,2
260,2,21,3,4,48,2
266,2,12,4,3,59,2
54,2,2,3,3,61,2
232,2,5,5,4,62,2
22,2,10,6,3,66,2
229,2,5,2,3,42,2
115,2,17,4,2,45,2
284,2,19,2,2,55,2
118,2,5,3,2,42,2
72,2,24,5,2,44,2
110,2,18,5,3,45,2
167,2,10,4,2,58,2
265,2,8,1,3,54,2
72,2,17,2,3,57,2
172,2,7,3,3,60,2
98,2,2,6,3,64,2
296,2,24,2,1,58,2
94,2,2,5,3,59,2
62,2,12,5,4,48,2
67,2,20,2,2,63,2
214,2,17,4,3,45,2
139,2,2,6,2,55,2
71,2,15,5,2,35,2
52,2,16,4,3,46,2
69,2,15,2,2,58,2
101,2,20,5,3,63,2
106,2,20,1,2,66,2
218,2,16,4,2,46,2
80,2,22,4,1,45,2
217,2,18,2,2,52,2
265,2,3,2,2,67,2
100,2,7,4,2,43,2
80,2,6,6,3,38,2
264,2,11,1,3,44,2
129,2,13,5,3,60,2
103,2,6,5,3,38,2
181,2,5,5,3,58,2
49,2,13,6,3,64,2
92,2,22,3,3,58,2
123,2,12,6,1,41,2
150,2,15,3,2,47,2
244,2,9,5,4,38,2
191,2,21,4,3,51,2
197,2,3,5,1,40,2
86,2,15,5,4,62,2
244,2,2,5,3,36,2
248,2,12,3,1,38,2
44,2,12,2,2,50,2
153,2,12,4,3,35,2
201,2,5,6,4,61,2
162,2,23,2,2,38,2
225,2,9,5,3,39,2
257,2,18,4,2,38,2
273,2,2,1,3,44,2
162,2,2,4,4,36,2
22,2,3,3,4,65,2
241,2,4,5,4,46,2
252,2,21,3,1,49,2
135,2,19,1,1,64,2
293,2,14,2,4,50,2
246,2,18,6,3,45,2
126,2,7,2,2,35,2
215,2,4,2,2,38,2
17,2,13,1,1,38,2
81,2,12,1,1,52,2
151,2,6,6,1,48,2
143,2,18,1,4,59,2
65,2,16,1,1,65,2
110,2,2,2,2,56,2
26,2,13,4,1,60,2
194,2,3,3,2,49,2
259,2,16,5,4,41,2
157,2,23,5,2,54,2
147,2,5,2,3,41,2
85,2,7,2,3,46,2
23,2,2,6,2,45,2
180,2,12,5,3,52,2
251,2,2,4,1,40,2
103,2,15,5,3,36,2
40,2,18,6,3,54,2
76,2,20,3,1,37,2
229,2,2,1,3,39,2
273,2,10,3,2,54,2
234,2,18,5,3,55,2
296,2,21,5,3,41,2
87,2,21,3,3,66,2
95,2,15,5,2,34,2
169,2,3,2,3,53,2
222,2,10,3,1,66,2
129,2,19,2,1,61,2
67,2,10,3,4,42,2
101,2,6,4,3,61,2
165,2,20,4,3,51,2
51,2,12,4,3,51,2
49,2,13,4,1,50,2
142,2,8,1,2,49,2
222,2,23,5,3,55,2
280,2,10,1,2,58,2
156,2,15,4,4,34,2
157,2,13,4,3,48,2
144,2,21,5,4,56,2
149,2,20,1,2,60,2
275,2,14,2,2,40,2
151,2,2,2,1,40,2
18,2,5,2,4,51,2
65,2,14,5,2,38,2
212,2,19,1,3,58,2
87,2,9,4,2,37,2
127,2,18,5,4,47,2
254,2,23,6,3,43,2
272,2,11,1,3,59,2
107,2,23,2,3,56,2
57,2,23,5,1,54,2
67,2,15,3,3,49,2
133,2,19,5,2,47,2
244,2,19,4,1,55,2
258,2,14,4,1,50,2
195,2,17,2,2,37,2
114,2,10,2,4,52,2
213,2,14,4,2,50,2
136,2,13,3,3,47,2
270,2,17,4,1,51,2
165,2,3,2,4,53,2
179,2,15,5,2,52,2
107,2,20,5,3,48,2
199,2,3,5,1,49,2
257,2,9,1,3,60,2
167,2,18,5,2,55,2
286,2,24,2,4,53,2
163,2,12,2,2,62,2
230,2,7,5,2,60,2
123,2,9,3,2,60,2
88,2,3,3,2,35,2
25,2,7,2,4,44,2
268,2,9,6,3,62,2
235,2,3,6,2,64,2
250,2,9,3,3,56,2
161,2,4,1,1,63,2
63,2,13,4,2,45,2
290,2,16,4,2,42,2
224,2,21,3,3,40,2
165,2,16,3,1,56,2
154,2,15,3,2,50,2
238,2,11,5,2,54,2
110,2,10,5,2,36,2
195,2,18,4,2,38,2
225,2,7,2,4,63,2
218,2,10,5,3,62,2
108,2,8,5,2,63,2
225,2,11,3,3,43,2
129,2,5,3,3,55,2
211,2,3,5,2,64,2
79,2,6,3,3,46,2
282,2,21,5,2,42,2
102,2,14,4,3,66,2
262,2,9,5,3,60,2
83,2,23,1,3,60,2
272,2,6,1,3,42,2
153,2,2,2,3,47,2
53,2,14,3,4,62,2
42,2,14,3,2,64,2
223,2,24,2,3,35,2
102,2,12,3,3,62,2
22,2,2,3,3,37,2
199,2,11,5,2,51,2
71,2,12,4,2,66,2
232,2,12,2,3,47,2
263,2,12,1,4,57,2
154,2,21,2,3,58,2
177,2,10,3,3,51,2
280,2,6,2,2,63,2
225,2,8,3,4,39,2
226,2,19,2,3,61,2
226,2,8,2,4,50,2
244,2,2,2,3,53,2
222,2,3,3,1,65,2
56,2,24,2,2,35,2
168,2,23,1,1,44,2
271,2,4,2,3,54,2
70,2,3,5,1,53,2
252,2,2,4,3,55,2
227,2,2,1,2,66,2
70,2,2,5,3,41,2
199,2,1,2,1,54,2
104,2,11,3,2,48,2
152,2,12,4,1,64,2
111,2,5,5,3,43,2
219,2,9,3,2,66,2
253,2,4,3,3,42,2
204,2,15,1,3,58,2
201,2,17,5,1,55,2
177,2,6,5,2,50,2
269,2,12,4,3,58,2
227,2,2,2,3,51,2
290,2,15,4,2,59,2
219,2,2,2,2,59,2
255,2,10,4,1,52,2
108,2,7,3,4,36,2
50,2,6,4,3,66,2
111,2,2,2,2,46,2
49,2,4,3,3,66,2
260,2,3,5,1,60,2
84,2,11,1,3,56,2
100,2,16,2,2,60,2
92,2,5,1,2,38,2
202,2,15,2,4,60,2
153,2,14,3,3,35,2
133,2,13,3,1,35,2
120,2,4,1,2,54,2
201,2,6,5,1,42,2
148,2,4,3,2,38,2
65,2,18,2,2,37,2
218,2,12,6,3,53,2
72,2,14,2,1,54,2
132,2,22,5,3,47,2
28,2,4,1,1,46,2
102,2,12,6,4,56,2
185,2,21,2,3,66,2
137,2,21,3,4,45,2
245,2,6,2,3,37,2
208,2,3,6,2,45,2
62,2,10,5,1,44,2
167,2,4,5,3,44,2
116,2,5,4,4,43,2
78,2,19,3,3,58,2
169,2,4,3,4,54,2
20,2,19,3,3,38,2
135,2,9,2,1,49,2
276,2,7,2,1,55,2
176,2,2,4,4,39,2
195,2,3,3,3,47,2
124,2,21,5,3,42,2
276,2,23,4,2,40,2
52,2,18,1,3,48,2
24,2,9,3,3,60,2
166,2,23,4,2,56,2
135,2,13,2,3,53,2
187,2,10,6,4,50,2
203,2,17,2,3,43,2
243,2,7,4,4,63,2
24,2,11,3,3,49,2
47,2,22,4,1,43,2
182,2,1,1,3,51,2
215,2,2,4,3,49,2
134,2,7,5,2,37,2
29,2,22,3,4,50,2
120,2,7,3,2,53,2
26,2,5,3,3,60,2
277,2,4,6,4,44,2
73,2,10,4,3,66,2
120,2,20,5,4,41,2
103,2,12,5,3,51,2
118,2,16,5,4,53,2
96,2,13,4,2,67,2
209,2,13,1,4,36,2
122,2,10,2,2,62,2
261,2,15,1,3,49,2
257,2,12,3,4,54,2
173,2,5,3,3,57,2
209,2,6,3,3,66,2
196,2,6,5,4,42,2
55,2,24,6,3,62,2
77,2,14,4,2,45,2
170,2,6,5,2,58,2
48,2,23,4,1,42,2
235,2,7,2,1,46,2
293,2,6,5,1,36,2
160,2,17,5,1,54,2
204,2,7,5,3,50,2
144,2,16,4,2,45,2
201,2,3,4,1,38,2
275,2,5,5,2,35,2
216,2,21,3,2,48,2
122,2,20,4,2,55,2
238,2,12,2,2,67,2
190,2,5,5,2,51,2
279,2,9,2,1,50,2
236,2,16,6,4,67,2
72,2,18,3,2,40,2
246,2,14,2,4,61,2
277,2,3,5,1,45,2
113,2,20,5,3,57,2
173,2,12,3,1,57,2
34,2,17,1,2,53,2
118,2,3,3,3,62,2
257,2,14,4,1,38,2
122,2,24,5,1,36,2
61,2,11,1,3,52,2
127,2,6,5,2,35,2
97,2,15,3,3,65,2
91,2,4,6,4,56,2
116,2,16,5,3,39,2
229,2,20,6,3,38,2
153,2,13,2,1,46,2
36,2,9,2,2,37,2
222,2,8,5,2,64,2
48,2,15,3,4,39,2
142,2,22,3,1,37,2
173,2,7,3,3,54,2
78,2,9,2,4,47,2
296,2,21,3,2,65,2
213,2,6,1,4,51,2
95,2,16,4,1,37,2
191,2,16,1,3,59,2
230,2,1,6,4,40,2
152,2,8,4,3,59,2
36,2,10,1,2,39,2
165,2,7,1,4,57,2
110,2,7,3,4,43,2
60,2,8,3,1,51,2
247,2,5,2,1,40,2
117,2,20,3,4,42,2
196,2,22,5,3,63,2
202,2,1,2,1,54,2
108,2,10,6,1,42,2
17,2,22,5,2,41,2
164,2,12,3,2,65,2
47,2,22,2,1,37,2
94,2,20,3,2,52,2
185,2,3,3,2,36,2
70,2,11,5,2,51,2
49,2,7,4,4,42,2
294,2,22,5,4,54,2
33,2,19,1,3,61,2
65,2,8,2,1,37,2
244,2,22,4,3,40,2
28,2,1,5,1,50,2
72,2,13,4,4,45,2
171,2,20,3,3,61,2
76,2,24,2,2,57,2
89,2,11,4,3,53,2
198,2,9,2,3,56,2
167,2,2,6,3,51,2
79,2,9,2,3,57,2
203,2,11,3,2,40,2
121,2,20,2,3,51,2
118,2,15,4,2,66,2
220,2,9,2,3,41,2
56,2,13,2,1,42,2
55,2,12,4,4,66,2
200,2,8,3,2,41,2
219,2,7,5,4,64,2
115,2,6,6,3,55,2
31,2,19,5,1,66,2
256,2,14,4,1,56,2
214,2,19,6,3,47,2
158,2,5,3,3,48,2
118,2,20,5,2,45,2
203,2,6,4,1,55,2
89,2,21,6,3,38,2
287,2,23,2,3,35,2
247,3,3,4,1,51,2
201,3,8,4,2,48,2
261,3,19,5,1,63,2
103,2,21,2,4,65,2
229,3,12,2,2,44,2
74,3,14,2,2,53,2
237,3,22,4,2,41,2
58,3,14,6,4,50,2
265,3,7,2,3,46,2
102,3,10,1,2,46,2
199,2,6,4,1,47,2
186,3,22,5,2,61,2
157,2,8,2,3,52,2
141,3,18,5,2,43,2
75,3,21,2,3,43,2
234,2,8,5,1,50,2
149,2,7,3,3,39,2
98,3,17,3,2,38,2
137,2,21,4,3,57,2
61,3,10,1,4,47,2
169,3,7,6,4,47,2
59,2,18,3,4,41,2
136,2,14,5,2,39,2
43,2,10,4,2,53,2
211,2,8,2,4,41,2
230,3,11,4,3,35,2
198,3,4,5,2,59,2
149,2,7,4,4,65,2
159,2,5,5,1,52,2
51,2,4,4,2,43,2
192,3,22,1,4,45,2
199,3,9,5,3,45,2
56,3,16,3,3,66,2
148,3,23,1,4,35,2
199,3,16,5,2,38,2
37,3,19,1,2,36,2
164,3,9,5,4,38,2
295,3,13,6,2,57,2
127,2,10,5,1,50,2
250,3,12,1,4,54,2
39,3,19,5,4,39,2
20,2,5,2,1,42,2
56,2,13,3,1,57,2
264,3,14,5,3,62,2
85,3,17,6,3,38,2
218,3,6,3,3,64,2
63,3,20,4,4,57,2
206,3,11,3,4,54,2
153,2,1,5,2,35,2
229,3,14,4,2,47,2
52,3,4,4,1,60,2
194,2,23,6,3,57,2
118,2,23,6,3,62,2
217,2,5,3,2,48,2
228,2,17,3,3,63,2
58,2,13,5,2,45,2
48,3,6,5,1,53,2
194,3,3,3,1,41,2
59,3,6,1,3,45,2
26,2,18,4,4,64,2
83,3,7,4,3,58,2
157,2,13,3,2,57,2
175,2,8,5,3,47,2
49,3,22,4,3,63,2
29,3,8,5,1,40,2
217,3,2,3,2,64,2
127,2,8,4,2,39,2
33,3,12,1,3,61,2
237,3,9,5,2,59,2
294,3,10,4,1,57,2
44,2,7,4,1,67,2
286,2,23,4,1,48,2
205,2,23,2,3,51,2
276,3,7,6,2,51,2
51,2,3,4,3,57,2
35,2,23,4,1,58,2
297,3,12,4,4,67,2
119,3,5,4,3,48,2
150,2,15,5,2,40,2
25,2,10,4,3,65,2
266,2,13,5,3,51,2
125,2,23,4,3,66,2
113,3,5,3,3,45,2
101,2,18,2,2,56,2
83,3,9,2,4,43,2
132,3,7,6,3,47,2
150,2,9,3,4,46,2
274,2,16,2,4,46,2
278,3,3,6,4,46,2
191,2,7,3,2,60,2
143,3,6,4,4,60,2
96,2,15,2,3,51,2
164,2,2,2,2,36,2
259,3,14,4,3,56,2
80,3,21,4,2,46,2
171,3,1,2,3,46,2
24,3,16,5,2,46,2
150,3,12,2,2,45,2
222,3,10,1,4,59,2
238,2,2,1,2,50,2
49,2,5,4,4,60,2
183,2,20,2,3,43,2
98,2,5,5,3,43,2
37,2,17,5,2,64,2
25,2,8,4,1,57,2
240,2,13,2,3,37,2
112,3,17,2,4,38,2
109,3,21,3,2,35,2
49,3,11,1,2,63,2
274,2,7,5,3,56,2
42,3,9,1,3,50,2
214,2,20,2,3,58,2
245,3,2,2,1,51,2
122,2,15,4,3,51,2
22,2,5,2,2,57,2
284,2,21,4,3,35,2
32,3,14,5,2,52,2
24,2,12,4,1,48,2
188,2,14,3,2,56,2
52,3,9,1,4,63,2
82,3,22,2,1,34,2
94,2,21,2,3,46,2
276,2,9,5,2,42,2
243,2,5,3,3,57,2
279,3,5,5,2,66,2
198,3,10,5,3,65,2
239,2,5,4,2,58,2
271,3,7,5,3,64,2
260,3,24,3,2,57,2
186,3,16,2,2,53,2
279,2,2,4,2,47,2
101,2,3,5,3,54,2
274,2,12,3,2,35,2
121,2,3,2,2,35,2
16,3,4,3,3,50,2
126,3,3,3,4,63,2
165,3,11,4,3,49,2
113,3,7,6,4,44,2
67,3,14,1,2,55,2
178,3,2,5,1,41,2
93,3,23,4,1,41,2
230,3,4,1,3,37,2
179,3,17,2,1,61,2
257,2,8,2,3,57,2
25,2,4,3,1,35,2
147,2,8,5,3,49,2
197,2,9,2,3,34,2
222,2,9,2,3,55,2
186,2,8,1,2,59,2
187,2,6,3,2,50,2
16,3,3,6,4,43,2
56,2,10,6,4,47,2
263,3,22,2,4,46,2
192,3,23,2,2,38,2
267,3,13,4,1,56,2
194,3,19,6,3,47,2
98,3,14,5,4,61,2
300,3,10,1,2,51,2
226,3,11,3,4,60,2
41,3,17,2,2,58,2
235,3,3,5,3,59,2
199,3,6,4,1,39,2
82,2,20,4,2,62,2
267,3,7,6,2,37,2
168,2,14,6,1,65,2
25,3,6,3,3,47,2
178,2,20,4,2,52,2
83,3,15,4,3,48,2
25,2,11,6,2,51,2
123,3,20,3,3,66,2
176,3,6,1,2,59,2
212,2,11,5,4,50,2
153,2,18,1,3,61,2
125,3,11,5,3,53,2
31,2,24,1,2,54,2
35,3,16,6,1,61,2
231,3,2,5,4,54,2
89,2,7,3,1,35,2
215,3,18,2,3,50,2
206,2,6,2,3,44,2
144,3,21,3,2,45,2
93,2,13,3,3,54,2
54,3,20,4,2,65,2
246,3,23,4,4,58,2
254,2,19,6,3,59,2
48,2,13,3,2,48,2
29,3,22,3,2,47,2
164,2,17,3,3,41,2
181,3,1,6,3,56,2
17,3,22,1,2,55,2
228,2,3,3,2,40,2
172,3,7,3,2,54,2
235,3,16,5,3,40,2
251,2,5,1,3,37,2
223,2,4,6,1,52,2
89,2,6,4,3,55,2
73,3,7,6,4,45,2
237,2,2,3,2,56,2
285,3,22,3,3,37,2
49,3,3,2,3,35,2
70,3,18,6,3,1,3
125,3,6,4,1,28,3
283,3,12,3,2,16,3
65,3,22,2,4,4,3
69,2,8,4,3,17,3
213,3,11,4,3,10,3
123,2,10,4,2,25,3
218,3,21,5,2,2,3
88,3,8,2,4,1,3
178,3,20,2,1,19,3
206,2,20,3,2,4,3
107,2,7,5,3,29,3
82,3,5,2,2,14,3
119,2,22,3,4,24,3
270,3,20,2,1,30,3
191,3,13,5,3,10,3
241,3,15,1,3,31,3
20,2,15,1,2,8,3
299,2,11,5,3,23,3
33,2,1,4,3,29,3
39,3,9,3,2,17,3
139,2,13,4,1,30,3
157,2,6,5,3,32,3
280,2,17,2,2,10,3
224,2,6,5,3,19,3
68,3,6,2,1,8,3
295,2,21,3,3,25,3
194,3,5,5,3,9,3
139,2,24,5,1,29,3
46,2,5,3,4,29,3
53,3,13,6,3,28,3
77,2,12,2,3,28,3
187,2,10,3,3,33,3
16,2,16,3,2,28,3
101,3,9,2,2,14,3
78,3,10,5,4,7,3
139,3,2,6,1,10,3
20,2,16,5,2,8,3
219,3,21,6,3,17,3
183,2,4,1,2,20,3
38,2,20,3,2,28,3
181,3,9,5,4,6,3
163,2,20,2,2,2,3
91,3,12,4,4,15,3
173,2,18,2,3,27,3
137,3,12,4,2,18,3
114,2,17,5,3,19,3
86,2,11,4,2,2,3
223,3,23,2,3,6,3
15,2,20,5,4,13,3
111,3,16,4,2,13,3
123,2,17,5,3,29,3
101,2,3,5,1,24,3
15,3,6,1,2,22,3
26,3,22,1,2,27,3
91,2,20,3,2,23,3
190,2,22,3,3,31,3
151,3,3,2,2,12,3
50,2,10,5,2,6,3
169,3,21,2,2,3,3
196,3,4,5,2,12,3
64,3,17,1,1,12,3
229,2,2,6,3,7,3
17,3,22,3,3,32,3
269,2,18,3,4,22,3
128,3,2,5,3,18,3
150,3,21,6,4,26,3
17,3,15,1,3,32,3
259,3,24,5,3,32,3
107,2,22,5,3,23,3
203,2,8,1,1,8,3
25,3,2,2,1,12,3
228,2,14,4,2,12,3
23,3,9,6,2,3,3
234,2,7,5,2,14,3
182,2,23,1,2,22,3
213,3,9,4,2,19,3
264,3,7,3,1,32,3
112,3,10,3,2,9,3
209,2,5,2,3,25,3
198,2,6,2,3,11,3
253,3,23,3,4,11,3
64,2,16,6,1,9,3
126,3,10,1,4,33,3
125,2,2,5,3,22,3
269,3,14,4,4,6,3
299,3,12,2,2,2,3
32,2,3,5,1,22,3
29,2,19,1,4,7,3
103,2,11,4,3,25,3
275,2,2,4,2,13,3
89,2,24,6,3,28,3
52,3,12,5,4,1,3
213,3,2,5,1,19,3
286,3,19,4,3,29,3
75,3,16,5,3,3,3
84,3,11,6,2,12,3
190,2,23,2,3,8,3
175,3,5,2,3,25,3
215,3,15,4,2,21,3
235,3,23,3,3,7,3
133,3,11,4,1,7,3
190,2,18,1,4,32,3
137,3,23,4,2,9,3
246,2,9,5,3,21,3
195,2,16,1,3,2,3
249,3,3,5,3,19,3
111,2,22,4,2,6,3
90,3,11,1,1,32,3
279,2,7,4,3,27,3
149,3,3,2,2,27,3
235,2,15,5,2,8,3
78,2,12,4,1,19,3
126,2,16,4,4,3,3
261,3,8,5,2,0,3
60,3,17,4,3,20,3
137,3,11,3,1,17,3
102,3,14,2,2,7,3
198,3,13,2,2,12,3
238,2,17,2,4,1,3
260,3,9,2,3,0,3
224,3,3,4,3,4,3
145,3,1,6,2,27,3
222,2,4,5,3,24,3
208,2,18,2,2,3,3
65,2,8,4,3,23,3
118,3,18,1,3,16,3
65,2,3,2,3,6,3
26,3,13,4,4,21,3
189,3,14,3,3,30,3
16,2,10,2,2,25,3
83,3,16,6,1,26,3
99,2,11,1,2,11,3
16,3,5,4,3,31,3
187,3,21,2,3,32,3
132,3,16,2,2,15,3
59,2,3,1,2,20,3
72,2,4,1,4,21,3
293,3,2,2,3,28,3
22,2,3,2,3,20,3
211,3,16,3,3,5,3
166,3,15,1,3,28,3
237,2,13,2,4,3,3
148,3,14,5,1,18,3
108,3,21,6,2,19,3
128,2,6,5,4,11,3
96,2,21,4,2,2,3
216,2,12,2,4,26,3
68,3,7,1,4,32,3
240,2,2,3,1,29,3
127,3,21,4,1,5,3
238,3,4,4,4,26,3
178,3,20,4,3,11,3
88,3,2,3,1,29,3
157,2,16,2,1,0,3
246,2,5,3,3,2,3
234,3,12,6,3,32,3
254,2,3,3,3,4,3
158,3,2,4,3,10,3
140,2,21,2,3,32,3
248,3,18,3,1,11,3
281,3,21,4,4,31,3
189,2,23,2,2,24,3
90,3,15,1,3,10,3
150,2,23,5,2,21,3
97,3,3,6,4,26,3
202,2,19,1,1,25,3
166,3,19,1,4,3,3
128,3,18,5,4,9,3
27,3,22,1,3,29,3
92,2,24,3,4,7,3
231,2,3,5,2,27,3
118,3,12,2,3,13,3
69,3,14,2,2,12,3
68,3,1,2,3,16,3
221,2,22,2,4,14,3
206,3,23,2,3,1,3
220,3,8,3,1,25,3
191,2,23,5,3,23,3
17,3,11,5,2,16,3
119,3,6,5,3,17,3
71,3,9,4,3,19,3
132,2,16,4,3,28,3
56,2,9,3,4,30,3
148,2,21,2,1,7,3
208,3,15,5,1,9,3
152,3,21,2,1,4,3
60,2,8,5,3,13,3
184,2,11,4,1,30,3
182,2,6,1,1,1,3
113,2,15,2,2,12,3
263,2,8,2,4,5,3
38,2,1,2,2,29,3
114,3,16,5,4,2,3
289,2,14,4,3,18,3
114,2,16,5,3,17,3
28,3,5,4,3,30,3
155,2,3,3,3,11,3
26,2,15,4,3,17,3
282,2,6,6,2,17,3
63,2,4,3,4,22,3
39,2,4,5,1,6,3
200,2,17,5,3,1,3
217,2,3,5,2,13,3
125,2,16,1,2,29,3
168,3,21,1,3,6,3
131,3,17,3,2,11,3
296,2,15,3,3,3,3
116,3,20,1,3,21,3
267,2,23,4,3,22,3
262,2,3,1,3,28,3
164,2,13,3,3,1,3
300,2,23,1,2,23,3
129,2,23,6,3,9,3
113,2,13,3,4,12,3
279,3,17,2,2,9,3
162,3,13,5,1,21,3
249,2,18,4,4,27,3
69,3,7,5,2,19,3
58,3,7,4,2,32,3
263,3,10,5,4,21,3
215,2,7,4,4,26,3
103,3,8,4,1,16,3
198,2,9,6,1,7,3
89,2,5,5,4,11,3
65,2,16,1,3,29,3
126,3,16,1,3,10,3
86,3,14,5,3,29,3
211,2,17,5,2,33,3
243,3,1,3,3,3,3
193,3,13,6,1,7,3
34,3,7,3,3,3,3
67,2,4,3,2,17,3
288,3,12,4,4,2,3
48,3,20,5,4,9,3
148,3,9,4,4,23,3
55,2,11,5,2,16,3
246,3,4,1,1,14,3
138,3,6,5,4,16,3
279,2,14,5,2,14,3
295,2,11,3,3,22,3
298,3,18,1,2,9,3
188,2,5,1,3,16,3
126,3,6,1,2,5,3
204,2,23,4,3,25,3
43,3,24,3,3,30,3
184,2,5,1,3,30,3
109,2,12,3,2,9,3
127,3,18,4,1,14,3
129,3,20,3,3,28,3
225,3,5,4,2,14,3
18,3,16,6,2,16,3
49,2,20,5,2,16,3
107,2,19,5,2,6,3
216,2,17,6,4,29,3
30,3,2,5,2,10,3
131,3,21,3,3,13,3
259,3,7,1,3,8,3
63,2,9,6,1,16,3
64,3,15,2,3,17,3
169,2,10,5,2,29,3
35,2,11,1,4,29,3
64,3,2,1,4,29,3
63,3,21,2,2,24,3
203,2,21,2,4,19,3
138,3,10,4,4,30,3
186,2,6,3,4,22,3
293,2,19,3,3,5,3
145,2,17,5,3,4,3
185,3,10,6,3,12,3
224,2,18,1,4,29,3
290,2,4,6,2,27,3
250,2,24,3,2,28,3
229,2,11,4,2,5,3
199,3,14,4,1,25,3
181,2,7,3,4,24,3
37,3,14,2,2,13,3
88,2,18,4,3,25,3
32,2,11,4,2,7,3
55,3,21,1,2,26,3
61,3,4,4,3,5,3
54,2,20,4,3,29,3
121,3,23,4,3,14,3
134,3,10,5,3,16,3
42,3,4,2,2,25,3
207,3,7,4,4,1,3
60,2,5,4,2,17,3
283,2,16,1,2,11,3
193,3,2,4,4,19,3
275,2,16,1,2,2,3
134,2,13,5,2,24,3
220,2,18,4,1,31,3
116,2,24,4,1,2,3
138,3,3,4,1,12,3
64,3,4,4,4,8,3
124,3,18,3,2,0,3
38,3,17,1,3,3,3
150,3,7,5,1,25,3
97,3,4,5,3,4,3
85,3,8,1,1,33,3
95,3,15,5,1,10,3
83,3,1,3,4,5,3
270,2,4,2,1,5,3
23,3,14,2,2,18,3
295,2,13,2,3,33,3
290,2,10,2,2,25,3
243,3,11,6,2,15,3
181,2,16,1,2,10,3
295,2,22,5,4,6,3
197,2,13,4,4,1,3
75,2,23,5,2,16,3
32,3,17,2,2,25,3
72,2,20,5,1,4,3
101,3,10,3,3,29,3
30,3,15,4,2,6,3
150,2,19,1,2,21,3
51,3,18,4,3,10,3
83,3,19,4,2,27,3
274,3,15,1,2,32,3
227,2,19,4,2,32,3
276,2,20,5,2,1,3
89,3,13,4,4,29,3
141,2,6,2,4,16,3
130,2,15,5,2,27,3
131,2,20,2,2,5,3
186,3,16,1,4,11,3
20,2,14,3,2,14,3
86,2,7,5,2,19,3
233,3,23,6,4,17,3
262,2,19,4,2,5,3
207,2,6,5,1,19,3
244,3,10,4,1,19,3
58,2,13,2,2,3,3
108,3,19,4,1,23,3
223,3,13,2,3,17,3
173,2,7,6,2,14,3
114,2,12,5,3,15,3
75,3,10,3,4,14,3
286,3,18,3,1,8,3
254,2,16,3,1,28,3
139,2,2,5,1,25,3
262,3,23,2,3,12,3
180,2,5,4,3,10,3
185,3,21,2,4,23,3
80,3,1,5,3,4,3
24,2,6,2,3,22,3
35,2,6,2,1,20,3
244,2,13,4,2,31,3
185,2,2,2,3,5,3
89,2,6,4,2,26,3
271,2,24,3,2,15,3
236,3,2,5,3,25,3
294,2,20,4,3,5,3
82,3,17,2,4,29,3
178,2,21,2,2,1,3
60,2,12,2,3,10,3
51,3,21,2,3,25,3
232,3,15,1,1,28,3
166,3,22,5,2,9,3
225,2,16,2,2,11,3
178,2,11,3,3,22,3
120,2,2,4,2,13,3
46,2,8,4,4,20,3
195,2,14,5,2,10,3
176,3,13,5,3,24,3
166,2,23,5,3,23,3
264,2,20,1,2,15,3
212,3,21,6,3,15,3
288,3,9,1,3,16,3
162,2,12,5,3,18,3
214,3,7,2,2,22,3
279,3,8,3,1,1,3
210,3,6,6,3,13,3
193,2,22,1,3,27,3
235,2,14,2,4,30,3
117,3,9,5,3,28,3
63,3,21,3,3,31,3
298,3,7,4,3,29,3
152,2,13,4,3,18,3
86,2,3,2,3,1,3
77,2,8,3,1,27,3
180,3,16,5,3,23,3
173,2,23,1,4,3,3
287,3,15,3,2,20,3
52,2,20,5,3,32,3
271,2,6,3,3,16,3
239,3,19,3,3,6,3
77,2,21,4,1,18,3
275,3,3,2,2,7,3
250,2,22,5,2,19,3
130,2,20,6,4,7,3
300,2,11,3,3,4,3
180,2,14,5,2,28,3
39,2,9,3,1,16,3
220,2,10,6,1,31,3
144,2,12,4,3,8,3
299,2,7,4,2,17,3
25,2,19,4,3,15,3
179,3,16,3,2,26,3
208,3,13,2,3,19,3
225,3,11,4,2,17,3
261,3,17,2,1,20,3
62,3,10,4,2,29,3
103,3,3,2,3,15,3
61,3,13,2,3,29,3
139,3,11,5,1,6,3
126,3,4,6,4,30,3
122,3,17,3,1,21,3
151,3,23,4,1,32,3
300,3,11,4,3,23,3
125,3,3,3,1,26,3
248,3,4,2,3,17,3
37,3,12,3,2,30,3
49,3,12,5,2,13,3
204,3,10,4,3,21,3
199,3,9,2,4,19,3
96,3,7,1,2,19,3
214,3,20,5,1,18,3
51,3,13,5,2,6,3
164,3,21,2,3,13,3
82,3,8,4,3,10,3
255,3,21,4,2,3,3
165,3,3,2,4,33,3
36,3,24,4,1,29,3
285,3,21,1,3,6,3
107,3,14,4,3,19,3
148,3,15,2,1,15,3
30,3,10,3,4,17,3
67,3,13,6,2,27,3
96,3,1,2,4,18,3
17,3,7,4,3,26,3
214,3,22,6,1,30,3
104,3,5,6,2,6,3
202,3,11,4,3,21,3
207,3,1,5,3,12,3
292,3,20,5,3,24,3
70,3,11,4,3,6,3
28,3,3,4,3,4,3
192,3,9,2,3,20,3
17,3,7,3,2,24,3
187,3,14,2,4,16,3
214,3,23,3,3,21,3
278,3,24,3,1,0,3
259,3,8,5,3,4,3
223,3,13,2,3,12,3
26,3,9,5,3,32,3
245,3,11,4,1,19,3
30,3,2,2,3,0,3
57,3,4,2,1,24,3
76,3,19,3,2,13,3
244,3,11,5,4,21,3
155,3,5,5,2,29,3
257,3,7,1,2,8,3
153,3,22,4,3,21,3
94,3,23,5,3,31,3
34,3,6,4,2,19,3
139,3,6,2,4,12,3
297,3,13,2,3,30,3
225,3,17,3,3,12,3
51,3,23,2,3,18,3
176,3,7,3,3,19,3
267,3,3,2,3,15,3
193,3,18,5,2,1,3
26,3,8,6,3,23,3
151,3,5,4,2,5,3
276,3,10,6,2,29,3
255,3,15,3,1,23,3
117,3,4,2,3,24,3
288,3,11,2,4,0,3
133,3,21,5,3,21,3
177,3,4,2,2,15,3
69,3,19,5,4,24,3
93,3,2,3,2,18,3
158,3,16,4,4,1,3
298,3,18,3,2,4,3
79,3,21,4,3,6,3
235,3,14,1,2,18,3
159,3,19,4,1,12,3
79,3,12,5,2,28,3
228,3,5,1,2,2,3
112,3,6,6,3,7,3
297,3,12,4,4,1,3
278,3,23,3,2,11,3
162,3,8,6,3,18,3
211,3,16,2,4,28,3
116,3,22,5,3,2,3
163,3,18,4,3,10,3
154,3,11,5,2,21,3
206,3,13,2,2,23,3
277,3,22,4,3,27,3
189,3,18,4,3,27,3
29,3,13,6,4,4,3
46,3,15,1,3,33,3
157,3,10,3,4,10,3
269,3,17,5,2,19,3
107,3,23,3,2,6,3
218,3,15,6,2,26,3
101,3,13,4,3,22,3
199,3,9,5,3,2,3
80,3,23,1,2,29,3
296,3,15,6,2,30,3
150,3,13,2,2,10,3
293,3,20,5,4,1,3
83,3,20,5,3,1,3
17,3,14,5,3,26,3
189,3,6,1,3,23,3
243,3,17,6,1,12,3
205,3,5,6,2,3,3
241,3,2,4,4,30,3
81,3,17,3,2,14,3
200,3,13,2,3,12,3
166,3,8,6,3,20,3
217,3,18,1,2,27,3
87,3,14,2,3,12,3
79,3,15,3,3,6,3
25,3,20,5,2,7,3
110,3,15,6,4,5,3
275,3,5,3,4,17,3
228,3,14,4,2,25,3
268,3,23,2,2,2,3
235,3,23,2,3,2,3
120,3,17,4,3,7,3
61,3,21,2,2,13,3
52,3,8,3,2,4,3
258,3,19,2,2,4,3
130,3,23,4,3,4,3
56,3,9,4,3,33,3
282,3,2,5,1,18,3
259,3,16,5,2,3,3
105,3,17,4,1,23,3
232,3,2,2,3,26,3
217,3,16,4,1,23,3
193,3,22,4,3,21,3
194,3,8,5,3,4,3
201,3,18,1,4,33,3
95,3,6,2,4,23,3
82,3,18,4,3,27,3
162,3,24,5,2,27,3
57,3,14,3,2,26,3
150,3,21,5,1,3,3
237,3,16,5,2,30,3
148,3,14,4,4,26,3
34,3,22,2,4,9,3
250,3,16,4,3,19,3
265,3,21,4,3,1,3
35,3,23,1,4,11,3
296,3,5,4,1,7,3
202,3,15,4,4,10,3
177,3,6,2,2,29,3
195,3,11,3,4,4,3
158,3,15,2,1,19,3
135,3,20,1,1,23,3
192,3,9,6,3,5,3
232,3,22,4,2,32,3
77,3,24,2,3,18,3
199,3,8,1,1,27,3
29,3,4,3,3,19,3
96,3,20,3,2,7,3
298,3,2,3,3,10,3
89,3,7,2,2,18,3
75,3,10,5,4,8,3
203,3,9,5,2,17,3
276,3,14,1,4,3,3
200,3,9,6,2,9,3
179,3,7,6,2,14,3
166,3,24,1,2,11,3
65,3,11,5,4,4,3
112,3,5,2,3,26,3
39,3,17,2,3,30,3
136,3,11,4,3,12,3
204,3,14,4,1,2,3
63,3,4,6,1,30,3
30,3,19,5,2,14,3
204,3,8,6,1,23,3
17,3,23,3,3,30,3
264,3,17,2,4,15,3
207,3,19,3,2,16,3
246,3,13,4,3,29,3
253,3,22,1,2,16,3
196,3,5,4,2,11,3
176,3,19,2,4,25,3
240,3,1,3,2,12,3
83,3,10,1,1,6,3
226,3,10,3,2,29,3
35,3,16,5,3,29,3
180,3,21,5,3,5,3
276,3,7,1,3,7,3
164,3,20,2,2,21,3
37,3,1,4,3,28,3
29,3,24,3,3,10,3
198,3,8,2,4,1,3
225,3,4,3,2,13,3
130,3,20,2,2,3,3
57,3,20,3,2,28,3
188,3,13,5,2,22,3
184,3,22,2,2,14,3
72,3,16,6,2,24,3
276,3,10,5,2,21,3
122,3,23,3,2,5,3
294,3,9,2,2,7,3
48,3,9,3,1,12,3
151,3,5,4,2,23,3
140,3,8,1,3,16,3
26,3,23,1,2,25,3
101,3,4,5,2,29,3
88,3,7,3,3,12,3
34,3,22,4,1,8,3
264,3,10,2,1,0,3
123,3,22,5,2,10,3
29,3,24,1,2,5,3
59,3,9,1,1,30,3
59,3,7,2,3,16,3
226,3,7,6,2,20,3
135,3,17,2,4,20,3
90,3,6,5,4,31,3
163,3,6,3,3,2,3
267,3,3,3,3,21,3
79,3,10,4,3,12,3
129,3,20,3,4,20,3
175,3,8,3,2,32,3
59,3,20,3,3,32,3
137,3,11,3,2,25,3
264,3,12,3,1,5,3
204,3,5,3,2,14,3
220,3,2,5,3,26,3
181,3,15,1,3,8,3
165,3,18,2,1,25,3
160,3,3,2,2,32,3
101,3,3,4,3,7,3
98,3,18,5,2,23,3
145,3,10,3,3,2,3
244,3,20,2,4,14,3
283,3,9,3,4,21,3
84,3,13,2,3,17,3
66,3,23,1,1,1,3
69,3,23,1,1,23,3
142,3,20,2,1,24,3
55,3,14,4,2,13,3
271,3,11,3,3,27,3
91,3,24,4,3,1,3
245,3,10,6,1,4,3
161,3,1,5,3,6,3
36,3,12,5,1,16,3
172,3,7,2,3,22,3
242,3,5,2,3,25,3
91,3,10,4,1,22,3
19,3,1,2,3,4,3
254,3,7,5,3,14,3
140,3,5,5,1,23,3
111,3,8,1,2,2,3
295,3,21,4,2,2,3
165,3,21,5,2,17,3
220,3,15,2,4,23,3
112,3,3,5,1,29,3
175,3,9,4,3,18,3
300,3,2,5,2,5,3
248,3,10,1,3,33,3
168,3,22,4,1,26,3
296,3,14,5,2,22,3
261,3,5,3,1,26,3
115,3,12,1,3,7,3
106,3,1,3,2,4,3
71,3,10,5,2,29,3
26,3,9,6,4,2,3
255,3,2,5,2,15,3
160,3,20,1,1,32,3
152,3,21,5,1,12,3
176,3,2,5,2,29,3
244,3,15,4,2,7,3
157,3,11,4,2,14,3
29,3,20,2,2,15,3
64,3,15,2,2,29,3
207,3,7,4,3,29,3
57,3,22,5,3,11,3
75,3,5,3,2,22,3
233,3,20,6,2,29,3
148,3,4,3,3,22,3
166,3,15,5,2,10,3
254,3,17,5,2,27,3
291,3,23,6,2,24,3
173,3,19,3,4,21,3
237,3,21,3,3,14,3
248,3,7,6,4,13,3
256,3,23,1,2,31,3
213,3,9,1,2,29,3
271,3,4,2,3,23,3
217,3,6,3,3,10,3
96,3,8,4,2,8,3
177,3,18,6,1,30,3
258,3,20,3,1,1,3
254,3,9,2,3,12,3
234,3,17,2,2,27,3
93,3,8,5,2,19,3
133,3,18,4,3,33,3
77,3,4,2,3,32,3
251,3,16,2,3,7,3
178,3,15,3,2,17,3
227,3,19,4,1,20,3
147,3,4,2,4,20,3
152,3,15,6,3,24,3
186,3,24,1,2,18,3
106,3,18,1,1,24,3
253,3,23,2,1,1,3
245,3,7,5,1,2,3
190,3,23,4,2,28,3
20,3,10,2,4,18,3
63,3,7,6,1,13,3
236,3,17,2,2,18,3
159,3,17,1,4,11,3
60,3,2,1,4,28,3
72,3,10,4,1,0,3
198,3,3,6,2,1,3
297,3,15,1,1,24,3
172,3,6,2,3,4,3
104,3,11,4,4,0,3
66,3,1,2,2,15,3
271,3,18,2,2,16,3
213,3,1,4,3,21,3
27,3,6,4,2,17,3
128,3,11,2,2,7,3
15,3,15,3,3,17,3
233,3,12,2,2,20,3
117,3,3,1,3,18,3
288,3,1,2,2,23,3
116,3,11,3,4,32,3
161,3,8,3,3,28,3
139,3,10,4,2,7,3
231,3,8,6,2,24,3
122,3,21,5,3,12,3
125,3,14,3,2,3,3
97,3,4,4,2,18,3
163,3,21,3,2,31,3
210,3,17,2,1,7,3
250,3,7,4,3,13,3
282,3,24,4,1,2,3
228,3,13,2,4,8,3
175,3,22,4,4,18,3
281,3,7,3,3,23,3
193,3,14,2,3,33,3
199,3,15,5,1,28,3
223,3,2,2,3,21,3
108,3,20,4,3,7,3
68,3,23,2,3,14,3
128,3,13,6,3,16,3
166,3,17,2,4,20,3
15,3,18,5,1,32,3
151,3,1,3,1,32,3
227,3,7,2,1,12,3
80,3,16,2,2,5,3
223,3,9,2,2,11,3
47,3,4,5,4,14,3
270,3,17,5,2,4,3
30,3,7,6,2,9,3
247,3,8,1,3,17,3
181,3,12,5,3,17,3
56,3,14,4,2,27,3
185,3,14,4,4,22,3
218,3,20,3,2,7,3
86,3,11,5,3,5,3
107,3,14,1,2,29,3
72,3,17,5,1,21,3
184,3,21,6,3,7,3
15,3,21,5,3,9,3
178,3,3,5,2,29,3
203,3,17,5,3,9,3
181,3,3,2,3,5,3
162,3,24,4,1,5,3
258,3,23,5,2,33,3
208,3,20,1,3,2,3
243,3,15,5,3,12,3
279,3,22,1,4,6,3
152,3,19,3,3,7,3
107,3,19,5,3,22,3
88,3,16,6,4,25,3
141,3,3,2,1,19,3
159,3,1,2,1,1,3
267,3,4,4,2,19,3
272,3,15,1,1,18,3
87,3,8,4,2,14,3
43,3,21,4,4,16,3
263,3,24,3,2,9,3
154,3,2,5,2,18,3
287,3,22,5,1,18,3
47,3,11,6,3,3,3
198,3,24,1,2,10,3
66,3,11,4,2,25,3
66,3,12,2,4,0,3
120,3,21,4,4,2,3
86,3,4,3,3,19,3
259,3,12,3,1,23,3
265,3,16,1,2,32,3
160,3,4,5,4,3,3
88,3,21,3,3,19,3
37,3,12,1,1,28,3
151,3,9,5,4,32,3
152,3,16,5,3,17,3
145,3,17,4,3,5,3
118,3,13,5,1,24,3
176,3,8,5,4,17,3
218,3,7,2,3,21,3
200,3,3,3,3,10,3
135,3,17,2,1,14,3
158,3,3,6,4,30,3
169,3,19,4,4,7,3
123,3,4,3,3,19,3
205,3,2,2,3,26,3
237,3,7,3,3,17,3
199,3,9,4,1,20,3
225,3,21,1,4,15,3
298,3,12,3,4,12,3
210,3,18,2,3,4,3
20,3,19,4,4,8,3
28,3,23,4,3,14,3
98,3,22,4,4,10,3
107,3,2,2,2,26,3
42,3,21,3,3,30,3
290,3,17,5,3,5,3
182,3,16,2,2,14,3
149,3,7,5,1,21,3
153,3,10,6,4,16,3
120,3,6,3,3,6,3
56,3,9,4,3,4,3
268,3,19,5,1,4,3
152,3,22,4,4,24,3
184,3,13,4,3,14,3
255,3,3,2,4,11,3
122,3,2,2,2,25,3
217,3,14,6,2,22,3
162,3,17,1,1,3,3
278,3,8,3,2,2,3
243,3,5,1,1,30,3
283,3,7,4,2,25,3
164,3,4,2,4,2,3
29,3,10,1,2,27,3
66,3,16,5,2,9,3
241,3,15,1,3,15,3
117,3,14,6,2,5,3
59,3,24,2,3,3,3
184,3,16,1,3,11,3
145,3,10,5,3,20,3
132,3,13,1,2,28,3
98,3,5,2,3,8,3
103,3,13,3,3,5,3
295,3,12,1,2,22,3
112,3,9,5,2,33,3
177,3,24,3,2,32,3
159,3,16,1,2,20,3
238,3,24,1,3,18,3
188,3,10,4,2,16,3
58,3,16,5,2,33,3
215,3,7,1,2,16,3
52,3,20,2,2,11,3
265,3,5,5,3,10,3
124,3,7,5,4,31,3
134,3,18,2,3,19,3
179,3,24,3,1,24,3
149,3,23,5,2,24,3
170,3,12,2,2,18,3
96,3,10,4,3,7,3
97,3,8,2,2,17,3
263,3,12,1,4,28,3
274,3,17,5,4,9,3
65,3,2,3,3,2,3
26,3,23,3,4,27,3
151,3,13,4,2,12,3
103,3,6,2,2,12,3
121,3,5,3,1,12,3
116,3,19,5,1,17,3
184,3,7,2,3,30,3
52,3,6,4,2,14,3
245,3,17,5,3,8,3
293,3,12,4,2,28,3
280,3,16,2,2,6,3
91,3,1,5,2,13,3
100,3,18,6,3,11,3
99,3,22,5,1,30,3
111,3,17,4,3,13,3
196,3,1,5,2,11,3
169,3,13,2,3,18,3
44,3,2,2,4,2,3
23,3,11,1,2,7,3
107,3,18,5,3,16,3
231,3,14,1,4,7,3
217,3,11,3,2,13,3
232,3,19,4,3,4,3
162,3,3,5,4,8,3
74,3,12,5,2,7,3
80,3,3,2,1,1,3
148,3,4,4,4,16,3
92,3,4,2,3,30,3
99,3,5,5,3,29,3
249,3,9,3,3,22,3
85,3,7,3,3,5,3
280,3,20,3,1,8,3
133,3,11,2,1,26,3
58,3,11,3,3,15,3
68,3,23,2,2,2,3
64,3,14,2,3,7,3
255,3,5,6,2,11,3
206,3,3,3,3,27,3
56,3,4,3,4,24,3
99,3,7,6,4,20,3
99,3,19,2,2,28,3
138,3,21,2,1,29,3
88,3,3,1,4,25,3
214,3,21,6,4,7,3
210,3,6,3,2,26,3
156,3,15,6,1,27,3
281,3,14,2,3,20,3
232,3,11,3,3,26,3
216,3,1,5,3,29,3
238,3,11,5,2,1,3
248,3,20,1,1,32,3
234,3,17,5,2,8,3
40,3,2,3,2,30,3
95,3,4,6,2,10,3
271,3,13,5,2,29,3
207,3,12,2,3,2,3
293,3,17,2,1,31,3
228,3,14,2,2,0,3
151,3,14,1,1,23,3
41,3,17,1,1,14,3
111,3,16,3,4,33,3
18,3,24,2,2,0,3
16,3,21,5,3,19,3
262,3,23,3,4,29,3
258,3,11,5,3,14,3
80,3,5,2,1,24,3
258,3,5,6,4,12,3
44,3,14,2,4,27,3
183,3,2,3,4,10,3
99,3,6,2,3,26,3
105,3,4,4,2,1,3
143,3,16,5,3,12,3
102,3,13,2,4,25,3
246,3,19,4,3,10,3
247,3,11,4,2,30,3
59,3,16,5,1,17,3
175,3,14,1,3,24,3
242,3,8,3,3,27,3
161,3,14,1,3,2,3
19,3,14,5,3,18,3
237,3,10,3,1,5,3
149,3,2,4,1,20,3
146,3,21,3,1,10,3
227,3,19,6,2,4,3
232,3,23,2,4,6,3
172,3,23,6,3,1,3
88,3,11,3,2,29,3
44,3,24,2,2,14,3
68,3,21,5,4,15,3
124,3,21,2,3,27,3
288,3,17,2,3,2,3
167,3,22,6,4,23,3
103,3,19,1,2,31,3
254,3,23,5,2,20,3
156,3,6,3,4,22,3
115,3,22,4,3,32,3
296,3,15,2,3,10,3
22,3,9,4,3,3,3
291,3,4,6,3,29,3
232,3,7,5,3,4,3
52,3,17,6,2,1,3
288,3,13,4,4,8,3
283,3,10,2,3,18,3
60,3,12,4,2,6,3
122,3,16,5,3,28,3
150,3,21,5,1,18,3
34,3,20,2,2,31,3
278,3,9,2,4,22,3
215,3,11,6,2,13,3
103,3,23,3,3,2,3
238,3,17,3,3,7,3
18,3,16,4,3,8,3
268,3,22,5,3,20,3
57,3,21,6,2,14,3
210,3,9,2,2,29,3
69,3,12,3,2,17,3
220,3,11,5,3,3,3
256,3,16,1,1,22,3
41,3,7,1,3,6,3
140,3,19,3,2,8,3
24,3,8,3,1,0,3
264,3,15,2,1,14,3
62,3,5,3,1,32,3
234,3,15,4,4,27,3
89,3,4,4,2,6,3
163,3,2,3,4,32,3
45,3,21,4,1,21,3
66,3,20,2,4,0,3
192,3,7,2,2,32,3
29,3,6,5,2,16,3
171,3,24,5,3,26,3
257,3,5,5,1,21,3
127,3,14,2,3,28,3
283,3,8,2,2,10,3
124,3,6,1,2,2,3
158,3,13,3,1,21,3
292,3,2,5,2,25,3
286,3,12,1,1,19,3